shp_dst_cd	shp_dst_sht_cd	shp_dst_desc_en	shp_dst_desc_hk	shp_dst_desc_cn	shp_zne_cd
ADAD1	AD	ANDORRA	安道爾	安道尔	AD
ADAD2	AD	ANDORRA	安道爾	安道尔 	AD
AEAE3	AE	UNITED ARAB EMIRATES	阿拉伯聯合酋長國	阿拉伯联合酋长国	AE
AEAE4	AE	UNITED ARAB EMIRATES	阿拉伯聯合酋長國	阿拉伯联合酋长国 	AE
AFAF5	AF	AFGHANISTAN	阿富汗	阿富汗	AF
AFAF6	AF	AFGHANISTAN	阿富汗	阿富汗 	AF
AGAG7	AG	ANTIGUA	安提瓜	安提瓜 	AG
AGAG8	AG	ANTIGUA AND BARBUDA	安提瓜及巴布達	安提瓜及巴布达	AG
AGAG9	AG	ANTIGUA AND BARBUDA	安提瓜及巴布達	安提瓜及巴布达 	AG
AIAI0	AI	ANGUILLA	安圭拉島	安圭拉岛	AI
AIAI1	AI	ANGUILLA	安圭拉島	安圭拉岛 	AI
ALAL2	AL	ALBANIA	阿爾巴尼亞	阿尔巴尼亚	AL
ALAL3	AL	ALBANIA	阿爾巴尼亞	阿尔巴尼亚 	AL
AMAM4	AM	ARMENIA	亞美利亞	亚美利亚	AM
AMAM5	AM	ARMENIA	亞美利亞	亚美利亚 	AM
AMAM6	AM	ARMENIA	亞美尼亞	亚美尼亚 	AM
ANAN7	AN	NETHERLANDS ANTILLES	荷屬安的列斯	荷属安的列斯	AN
ANAN8	AN	NETHERLANDS ANTILLES	荷屬安的列斯	荷属安的列斯 	AN
AOAO9	AO	ANGOLA	安哥拉	安哥拉	AO
AOAO0	AO	ANGOLA	安哥拉	安哥拉 	AO
ARAR1	AR	ARGENTINA	阿根廷	阿根廷	AR
ARAR2	AR	ARGENTINA	阿根廷	阿根廷 	AR
ASAS3	AS	SAMOA (U.S.A. TERRITORY)	薩摩亞(美國屬土)	萨摩亚(美国属土)	AS
ATAT4	AT	AUSTRIA	奧地利	奥地利	AT
ATAT5	AT	AUSTRIA	奧地利	奥地利 	AT
AUAU6	AU	AUSTRALIA	澳大利亞(澳洲)	澳大利亚(澳洲)	AU
AUAB7	AU	AUSTRALIA (ALL OTHER STATES)	澳大利亞(澳洲) (其他省份)	澳大利亚(澳洲) (其他省份)	AB
AUAU8	AU	AUSTRALIA (WESTERN)	澳大利亞(澳洲) (西澳大利亞)	澳大利亚(澳洲) (西澳大利亚)	AU
AWAW9	AW	ARUBA	阿魯巴	阿鲁巴 	AW
AWAW0	AW	ARUBA	阿魯巴島	阿鲁巴岛 	AW
AZAZ1	AZ	AZERBAIJAN	阿塞拜彊	阿塞拜疆	AZ
AZAZ2	AZ	AZERBAIJAN	阿塞拜疆	阿塞拜疆	AZ
BABA3	BA	BOSNIA AND HERZEGOVINA	波斯尼亞 - 黑塞哥維那	波斯尼亚 - 黑塞哥维那	BA
BABA4	BA	BOSNIA AND HERZEGOVINA	波斯尼亞 - 黑塞哥維那	波斯尼亚 - 黑塞哥维那 	BA
BABA5	BA	BOSNIA AND HERZEGOVINA	波斯尼亞-黑塞哥維那	波斯尼亚 - 黑塞哥维那 	BA
BBBB6	BB	BARBADOS	巴巴多斯	巴巴多斯	BB
BBBB7	BB	BARBADOS	巴巴多斯	巴巴多斯 	BB
BDBD8	BD	BANGLADESH	孟加拉	孟加拉 	BD
BDBD9	BD	BANGLADESH	孟加拉	孟加拉国	BD
BEBE0	BE	BELGIUM	比利時	比利时	BE
BEBE1	BE	BELGIUM	比利時	比利时 	BE
BFBF2	BF	BURKINA FASO	布基納法索	布基纳法索	BF
BFBF3	BF	BURKINA FASO	布基納法索	布基纳法索 	BF
BGBG4	BG	BULGARIA	保加利亞	保加利亚 	BG
BGBG5	BG	BULGARIA (REP.)	保加利亞(共和國)	保加利亚(共和国)	BG
BHBH6	BH	BAHRAIN	巴林	巴林 	BH
BHBH7	BH	BAHRAIN (KINGDOM OF)	巴林(王國)	巴林(王国)	BH
BIBI8	BI	BURUNDI	布隆迪	布隆迪	BI
BIBI9	BI	BURUNDI	布隆迪	布隆迪 	BI
BJBJ0	BJ	BENIN	貝寧	贝宁	BJ
BJBJ1	BJ	BENIN	貝寧	贝宁 	BJ
BMBM2	BM	BERMUDA	百慕達	百慕达	BM
BMBM3	BM	BERMUDA	百慕達	百慕达 	BM
BNBN4	BN	BRUNEI DARUSSALAM	文萊	文莱	BN
BNBN5	BN	BRUNEI DARUSSALAM	文萊	文莱 	BN
BOBO6	BO	BOLIVIA	玻利維亞	玻利维亚	BO
BOBO7	BO	BOLIVIA	玻利維亞	玻利维亚 	BO
BRBR8	BR	BRAZIL	巴西	巴西	BR
BRBR9	BR	BRAZIL	巴西	巴西 	BR
BSBS0	BS	BAHAMAS	巴哈馬	巴哈马	BS
BSBS1	BS	BAHAMAS	巴哈馬	巴哈马 	BS
BTBT2	BT	BHUTAN	不丹	不丹	BT
BTBT3	BT	BHUTAN	不丹	不丹 	BT
BWBW4	BW	BOTSWANA	博茨瓦納	博茨瓦纳	BW
BWBW5	BW	BOTSWANA	博茨瓦納	博茨瓦纳 	BW
BYBY6	BY	BELARUS	白俄羅斯	白俄罗斯	BY
BYBY7	BY	BELARUS	白俄羅斯	白俄罗斯 	BY
BZBZ8	BZ	BELIZE	伯利茲	伯利兹	BZ
BZBZ9	BZ	BELIZE	伯利茲	伯利兹 	BZ
CACA0	CA	CANADA	加拿大	加拿大	CA
CACA1	CA	CANADA	加拿大	加拿大 	CA
CCCC2	CC	COCOS (KEELING) ISLANDS	科科斯群島	科科斯群岛	CC
CCCC3	CC	COCOS (KEELING) ISLANDS	科科斯群島	科科斯群岛 	CC
CDCD4	CD	CONGO (DEMOCRATIC REP. OF THE)	剛果(民主共和國)	刚果(民主共和国)	CD
CDCD5	CD	DEMOCRATIC REPUBLIC OF THE CONGO	剛果民主共和國	刚果民主共和国	CD
CDCD6	CD	DEMOCRATIC REPUBLIC OF THE CONGO	剛果民主共和國	刚果民主共和国 	CD
CFCF7	CF	CENTRAL AFRICAN REP.	中非共和國	中非共和国	CF
CFCF8	CF	CENTRAL AFRICAN REPUBLIC	中非共和國	中非共和国	CF
CGCG9	CG	CONGO (REP.)	剛果(共和國)	刚果(共和国)	CG
CGCG0	CG	CONGO (REPUBLIC OF)	剛果	刚果 	CG
CHCH1	CH	SWITZERLAND	瑞士	瑞士	CH
CHCH2	CH	SWITZERLAND	瑞士	瑞士 	CH
CICI3	CI	CÔTE D'IVOIRE (REP.)	科特迪瓦	科特迪瓦	CI
CKCK4	CK	COOK ISLANDS	庫克群島	库克群岛	CK
CLCL5	CL	CHILE	智利	智利	CL
CLCL6	CL	CHILE	智利	智利 	CL
CMCM7	CM	CAMEROON	喀麥隆	喀麦隆	CM
CMCM8	CM	CAMEROON	喀麥隆	喀麦隆 	CM
CNCN9	CN	CHINA, MAINLAND	中國內地	中国内地	CN
CNCN0	CN	CHINA, MAINLAND	中國內地	中国内地 	CN
CNCN1	CN	CHINA, MAINLAND (Major cities)	中國內地 (主要城市)	中国内地 (主要城市)	CN
CNPC2	CN	CHINA, MAINLAND (Other areas)	中國內地 (其他地區)	中国内地 (其他地区)	PC
COCO3	CO	COLOMBIA	哥倫比亞	哥伦比亚	CO
COCO4	CO	COLOMBIA	哥倫比亞	哥伦比亚 	CO
CRCR5	CR	COSTA RICA	哥斯達黎加	哥斯达黎加	CR
CRCR6	CR	COSTA RICA	哥斯達黎加	哥斯达黎加 	CR
CUCU7	CU	CUBA	古巴	古巴	CU
CUCU8	CU	CUBA	古巴	古巴 	CU
CUCP9	CU	CUBA (ALL OTHER PLACES)	古巴 (其他地方)	古巴（其他地方）	CP
CUCU0	CU	CUBA (GUANTANAMO BAY)	古巴 (關塔那摩灣)	古巴（关塔那摩湾）	CU
CVCV1	CV	CAPE VERDE	佛得角	佛得角	CV
CVCV2	CV	CAPE VERDE	佛得角	佛得角 	CV
CXCX3	CX	CHRISTMAS ISLAND	聖誕島	圣诞岛	CX
CXCX4	CX	CHRISTMAS ISLANDS	聖誕島	圣诞岛 	CX
CYCY5	CY	CYPRUS	塞浦路斯	塞浦路斯	CY
CYCY6	CY	CYPRUS	塞浦路斯	塞浦路斯 	CY
CZCZ7	CZ	CZECH REP.	捷克共和國	捷克共和国	CZ
CZCZ8	CZ	CZECH REPUBLIC	捷克	捷克	CZ
DEDE9	DE	GERMANY	德國	德国	DE
DEDE0	DE	GERMANY	德國	德国 	DE
DEDE1	DE	GERMANY	德國	德國	DE
DJDJ2	DJ	DJIBOUTI	吉布提	吉布提	DJ
DJDJ3	DJ	DJIBOUTI	吉布提	吉布提 	DJ
DKDK4	DK	DENMARK	丹麥	丹麦	DK
DKDK5	DK	DENMARK	丹麥	丹麦 	DK
DMDM6	DM	DOMINICA	多明尼加	多明尼加 	DM
DMDM7	DM	DOMINICA	多米尼加	多米尼加	DM
DMDM8	DM	DOMINICA	多米尼加	多米尼加 	DM
DODO9	DO	DOMINICAN REPUBLIC	多米尼加共和國	多米尼加共和国	DO
DODO0	DO	DOMINICAN REPUBLIC	多米尼加共和國	多米尼加共和国 	DO
DZDZ1	DZ	ALGERIA	阿爾及利亞	阿尔及利亚	DZ
DZDZ2	DZ	ALGERIA	阿爾及利亞	阿尔及利亚 	DZ
ECEC3	EC	ECUADOR	厄瓜多爾	厄瓜多尔	EC
ECEC4	EC	ECUADOR	厄瓜多爾	厄瓜多尔 	EC
EEEE5	EE	ESTONIA	愛沙尼亞	爱沙尼亚	EE
EEEE6	EE	ESTONIA	愛沙尼亞	爱沙尼亚 	EE
EEEE7	EE	ESTONIA(REPUBLIC OF)	愛沙尼亞	爱沙尼亚 	EE
EGEG8	EG	EGYPT	埃及	埃及	EG
EGEG9	EG	EGYPT	埃及	埃及 	EG
ERER0	ER	ERITREA	厄立特里亞	厄立特里亚	ER
ERER1	ER	ERITREA	厄立特里亞	厄立特里亚 	ER
ESES2	ES	SPAIN	西班牙	西班牙	ES
ESES3	ES	SPAIN	西班牙	西班牙 	ES
ETET4	ET	ETHIOPIA	埃塞俄比亞	埃塞俄比亚	ET
ETET5	ET	ETHIOPIA	埃塞俄比亞	埃塞俄比亚 	ET
FIFI6	FI	FINLAND	芬蘭	芬兰	FI
FIFI7	FI	FINLAND	芬蘭	芬兰 	FI
FJFJ8	FJ	FIJI	斐濟	斐济	FJ
FJFJ9	FJ	FIJI	斐濟	斐济 	FJ
FKFK0	FK	FALKLAND ISLANDS AND THE TERRITORY OF SOUTH GEORGIA AND SOUTH SANDWICH ISLANDS	福克蘭群島、南喬治亞地區及南桑威奇群島	福克兰群岛、南乔治亚地区及南桑威奇群岛	FK
FMFM1	FM	CAROLINE ISLANDS (MICRONESIA)	加羅林群島 (密克羅尼西亞)	加罗林群岛（密克罗尼西亚） 	FM
FMFM2	FM	MICRONESIA (FEDERATED STATES OF)	密克羅尼西亞聯邦共和國	密克罗尼西亚联邦共和国	FM
FOFO3	FO	FAROE ISLANDS	法羅群島	法罗群岛	FO
FOFO4	FO	FAROE ISLANDS	法羅群島	法罗群岛 	FO
FRFR5	FR	FRANCE	法國	法国	FR
FRFR6	FR	FRANCE	法國	法国 	FR
FRFR7	FR	FRANCE	法國	法國	FR
GAGA8	GA	GABON	加蓬	加蓬	GA
GAGA9	GA	GABON	加蓬	加蓬 	GA
GBGB0	GB	UNITED KINGDOM	英國	英国	GB
GBGB1	GB	UNITED KINGDOM	英國	英国 	GB
GDGD2	GD	GRENADA	格林納達	格林纳达	GD
GDGD3	GD	GRENADA	格林納達	格林纳达 	GD
GEGE4	GE	GEORGIA	格魯吉亞	格鲁吉亚	GE
GEGE5	GE	GEORGIA	格魯吉亞	格鲁吉亚 	GE
GEGE6	GE	GEORGIA (REPUBLIC OF)	格魯吉亞	格鲁吉亚 	GE
GFGF7	GF	FRENCH GUIANA	法屬圭亞那	法属圭亚那	GF
GFGF8	GF	FRENCH GUIANA	法屬圭亞那	法属圭亚那 	GF
GHGH9	GH	GHANA	加納	加纳	GH
GHGH0	GH	GHANA	加納	加纳 	GH
GIGI1	GI	GIBRALTAR	直布羅陀	直布罗陀	GI
GIGI2	GI	GIBRALTAR	直布羅陀	直布罗陀 	GI
GLGL3	GL	GREENLAND	格陵蘭	格陵兰	GL
GLGL4	GL	GREENLAND	格陵蘭	格陵兰 	GL
GMGM5	GM	GAMBIA	岡比亞	冈比亚	GM
GMGM6	GM	GAMBIA	岡比亞	冈比亚 	GM
GNGN7	GN	GUINEA	幾內亞	几内亚	GN
GNGN8	GN	GUINEA	幾內亞	几内亚 	GN
GNGN9	GN	GUINEA (REPUBLIC OF)	幾內亞	几内亚 	GN
GPGP0	GP	GUADELOUPE	瓜德羅普島	瓜德罗普岛 	GP
GPGP1	GP	GUADELOUPE (FRENCH WEST INDIES)	瓜德羅普島 (法屬西印度群島)	瓜德罗普岛 (法属西印度群岛)	GP
GQGQ2	GQ	EQUATORIAL GUINEA	赤道幾內亞	赤道几内亚	GQ
GQGQ3	GQ	EQUATORIAL GUINEA	赤道幾內亞	赤道几内亚 	GQ
GQGQ4	GQ	EQUATORIAL GUINEA(REPUBLIC OF)	赤道幾內亞	赤道几内亚 	GQ
GRGR5	GR	GREECE	希臘	希腊	GR
GRGR6	GR	GREECE	希臘	希腊 	GR
GTGT7	GT	GUATEMALA	危地馬拉	危地马拉	GT
GTGT8	GT	GUATEMALA	危地馬拉	危地马拉 	GT
GUGU9	GU	GUAM	關島	关岛	GU
GUGU0	GU	GUAM	關島	关岛 	GU
GWGW1	GW	GUINEA BISSAU (REPUBLIC OF)	幾內亞比紹	几内亚比绍	GW
GWGW2	GW	GUINEA-BISSAU	幾內亞比紹	几内亚比绍	GW
GYGY3	GY	GUYANA	圭亞那	圭亚那	GY
GYGY4	GY	GUYANA	圭亞那	圭亚那 	GY
HKHK5	HK	LOCAL (HONG KONG)	本地（香港）	本地（香港）	HK
HNHN6	HN	HONDURAS (REP.)	洪都拉斯(共和國)	洪都拉斯(共和国)	HN
HNHN7	HN	HONDURAS (REPUBLIC OF)	洪都拉斯	洪都拉斯 	HN
HRHR8	HR	CROATIA	克羅地亞	克罗地亚	HR
HRHR9	HR	CROATIA	克羅地亞	克罗地亚 	HR
HTHT0	HT	HAITI	海地	海地	HT
HTHT1	HT	HAITI	海地	海地 	HT
HUHU2	HU	HUNGARY	匈牙利	匈牙利	HU
HUHU3	HU	HUNGARY	匈牙利	匈牙利 	HU
IDID4	ID	INDONESIA	印度尼西亞	印度尼西亚	ID
IDID5	ID	INDONESIA	印度尼西亞	印度尼西亚 	ID
IEIE6	IE	IRELAND	愛爾蘭	爱尔兰	IE
IEIE7	IE	IRELAND	愛爾蘭	爱尔兰 	IE
ILIL8	IL	ISRAEL	以色列	以色列	IL
ININ9	IN	INDIA	印度	印度	IN
ININ0	IN	INDIA	印度	印度 	IN
INIB1	IN	INDIA (ALL OTHER PLACES)	印度 (其他地方)	印度（其他地方）	IB
ININ2	IN	INDIA (MUMBAI)	印度 (孟買)	印度（孟买）	IN
IOIO3	IO	BRITISH INDIAN OCEAN TERRITORY	英屬印度洋地區	英属印度洋地区	IO
IQIQ4	IQ	IRAQ	伊拉克	伊拉克	IQ
IQIQ5	IQ	IRAQ	伊拉克	伊拉克 	IQ
IRIR6	IR	IRAN	伊朗	伊朗	IR
IRIR7	IR	IRAN	伊朗	伊朗 	IR
ISIS8	IS	ICELAND	冰島	冰岛	IS
ISIS9	IS	ICELAND	冰島	冰岛 	IS
ITIT0	IT	ITALY	意大利	意大利	IT
ITIT1	IT	ITALY	意大利	意大利 	IT
JMJM2	JM	JAMAICA	牙買加	牙买加	JM
JMJM3	JM	JAMAICA	牙買加	牙买加 	JM
JOJO4	JO	JORDAN	約旦	约旦	JO
JOJO5	JO	JORDAN	約旦	约旦 	JO
JPJP6	JP	JAPAN	日本	日本	JP
JPJP7	JP	JAPAN	日本	日本 	JP
JPJA8	JP	JAPAN (RYUKYU ISLANDS)	日本 (琉球群島)	日本（琉球群岛）	JA
KEKE9	KE	KENYA	肯尼亞	肯尼亚	KE
KEKE0	KE	KENYA	肯尼亞	肯尼亚 	KE
KGKG1	KG	KYRGYZSTAN	吉爾吉斯	吉尔吉斯	KG
KGKG2	KG	KYRGYZSTAN	吉爾吉斯	吉尔吉斯 	KG
KHKH3	KH	CAMBODIA	柬埔寨	柬埔寨	KH
KHKH4	KH	CAMBODIA	柬埔寨	柬埔寨 	KH
KIKI5	KI	KIRIBATI	基里巴斯	基里巴斯 	KI
KIKI6	KI	KIRIBATI 	基里巴斯	基里巴斯	KI
KMKM7	KM	COMOROS	科摩羅	科摩罗	KM
KMKM8	KM	COMOROS	科摩羅	科摩罗 	KM
KNKN9	KN	ST. CHRISTOPHER (ST. KITTS) AND NEVIS	聖克里斯托佛島及尼維斯島	圣克里斯托佛岛及尼维斯岛	KN
KNKN0	KN	ST. CHRISTOPHER (ST. KITTS) AND NEVIS	聖克里斯托佛島及尼維斯島	圣克里斯托佛岛及尼维斯岛 	KN
KNKN1	KN	ST.CHRISTOPHER(ST.KITTS) AND NEVIS	聖克里斯托佛島及尼維斯島	圣克里斯托佛岛及尼维斯岛 	KN
KPKP2	KP	KOREA, NORTH	北韓	北韩	KP
KPKP3	KP	KOREA, NORTH	北韓	北韩 	KP
KPKP4	KP	KOREA,NORTH	北韓	北韩 	KP
KRKR5	KR	KOREA, SOUTH	南韓	南韩	KR
KRKR6	KR	KOREA, SOUTH	南韓	南韩 	KR
KWKW7	KW	KUWAIT	科威特	科威特 	KW
KWKW8	KW	KUWAIT 	科威特	科威特	KW
KYKY9	KY	CAYMAN ISLANDS	開曼群島	开曼群岛	KY
KYKY0	KY	CAYMAN ISLANDS	開曼群島	开曼群岛 	KY
KZKZ1	KZ	KAZAKHSTAN	哈薩克	哈萨克	KZ
LALA2	LA	LAO PDR	老撾	老挝 	LA
LALA3	LA	LAO PEOPLE'S DEM. REP.	老撾人民民主共和國	老挝人民民主共和国	LA
LALA4	LA	LAO PEOPLES'S DEM.REP.	老撾人民民主共和國	老挝人民民主共和国	LA
LBLB5	LB	LEBANON	黎巴嫩	黎巴嫩	LB
LBLB6	LB	LEBANON	黎巴嫩	黎巴嫩 	LB
LCLC7	LC	ST. LUCIA	聖盧西亞	圣卢西亚	LC
LCLC8	LC	ST. LUCIA	聖盧西亞	圣卢西亚 	LC
LCLC9	LC	ST.LUCIA	聖盧西亞	圣卢西亚 	LC
LILI0	LI	LIECHTENSTEIN	列支敦士登	列支敦士登	LI
LILI1	LI	LIECHTENSTEIN	列支敦士登	列支敦士登 	LI
LKLK2	LK	SRI LANKA	斯里蘭卡	斯里兰卡	LK
LKLK3	LK	SRI LANKA	斯里蘭卡	斯里兰卡 	LK
LKLK4	LK	SRI LANKA (REPUBLIC OF)	斯里蘭卡	斯里兰卡 	LK
LRLR5	LR	LIBERIA	利比里亞	利比里亚	LR
LRLR6	LR	LIBERIA	利比里亞	利比里亚 	LR
LSLS7	LS	LESOTHO	萊索托	莱索托	LS
LSLS8	LS	LESOTHO	萊索托	莱索托 	LS
LTLT9	LT	LITHUANIA	立陶宛	立陶宛	LT
LTLT0	LT	LITHUANIA	立陶宛	立陶宛 	LT
LTLT1	LT	LITHUANIA (REPUBLIC OF)	立陶宛	立陶宛 	LT
LULU2	LU	LUXEMBOURG	盧森堡	卢森堡	LU
LULU3	LU	LUXEMBOURG	盧森堡	卢森堡 	LU
LULU4	LU	LUXEMBOURG 	盧森堡	卢森堡	LU
LVLV5	LV	LATVIA	拉脫維亞	拉脱维亚	LV
LVLV6	LV	LATVIA	拉脫維亞	拉脱维亚 	LV
LYLY7	LY	LIBYA	利比亞	利比亚	LY
LYLY8	LY	LIBYA	利比亞	利比亚 	LY
MAMA9	MA	MOROCCO	摩洛哥	摩洛哥	MA
MAMA0	MA	MOROCCO	摩洛哥	摩洛哥 	MA
MCMC1	MC	MONACO	摩納哥	摩纳哥	MC
MCMC2	MC	MONACO	摩納哥	摩纳哥 	MC
MDMD3	MD	MOLDOVA	摩爾多瓦	摩尔多瓦	MD
MDMD4	MD	MOLDOVA	摩爾多瓦	摩尔多瓦 	MD
MDMD5	MD	MOLDOVA (REPUBLIC OF)	摩爾多瓦	摩尔多瓦 	MD
MEME6	ME	MONTENEGRO	黑山	黑山	ME
MEME7	ME	MONTENEGRO (REPUBLIC OF)	黑山(共和國)	黑山(共和国)	ME
MGMG8	MG	MADAGASCAR	馬達加斯加	马达加斯加	MG
MGMG9	MG	MADAGASCAR	馬達加斯加	马达加斯加 	MG
MGMG0	MG	MADAGASCAR (DEM. REP. OF)	馬達加斯加	马达加斯加 	MG
MHMH1	MH	MARSHALL ISLANDS	馬紹爾群島	马绍尔群岛	MH
MHMH2	MH	MARSHALL ISLANDS	馬紹爾群島	马绍尔群岛 	MH
MKMK3	MK	NORTH MACEDONIA	北馬其頓	北马其顿	MK
MLML4	ML	MALI	馬里	马里	ML
MLML5	ML	MALI	馬里	马里 	ML
MMMM6	MM	MYANMAR	緬甸	缅甸	MM
MMMM7	MM	MYANMAR	緬甸	缅甸 	MM
MMMM8	MM	MYANMAR (UNION OF)	緬甸	缅甸 	MM
MNMN9	MN	MONGOLIA	蒙古	蒙古	MN
MNMN0	MN	MONGOLIA	蒙古	蒙古 	MN
MOMO1	MO	MACAO	澳門	澳门	MO
MOMO2	MO	MACAO	澳門	澳门 	MO
MPMP3	MP	MARIANA ISLANDS	馬里亞納群島	马里亚纳群岛	MP
MPMP4	MP	MARIANA ISLANDS	馬里亞納群島	马里亚纳群岛 	MP
MPMP5	MP	MARIANA ISLANDS (NORTHERN)	馬里亞納群島(北)	马里亚纳群岛（北） 	MP
MQMQ6	MQ	MARTINIQUE	馬提尼克島	马提尼克岛 	MQ
MQMQ7	MQ	MARTINIQUE (FRENCH WEST INDIES)	馬提尼克島 (法屬西印度群島)	马提尼克岛 (法属西印度群岛)	MQ
MRMR8	MR	MAURITANIA	毛里塔尼亞	毛里塔尼亚	MR
MRMR9	MR	MAURITANIA	毛里塔尼亞	毛里塔尼亚 	MR
MSMS0	MS	MONTSERRAT	蒙特塞拉特	蒙特塞拉特	MS
MSMS1	MS	MONTSERRAT	蒙特塞拉特	蒙特塞拉特 	MS
MTMT2	MT	MALTA	馬爾他	马尔他 	MT
MTMT3	MT	MALTA	馬爾他	马耳他	MT
MUMU4	MU	MAURITIUS	毛里求斯	毛里求斯	MU
MUMU5	MU	MAURITIUS	毛里求斯	毛里求斯 	MU
MVMV6	MV	MALDIVES	馬爾代夫	马尔代夫	MV
MVMV7	MV	MALDIVES	馬爾代夫	马尔代夫 	MV
MVMV8	MV	MALDIVES (REPUBLIC OF)	馬爾代夫	马尔代夫 	MV
MWMW9	MW	MALAWI	馬拉維	马拉维	MW
MWMW0	MW	MALAWI	馬拉維	马拉维 	MW
MXMX1	MX	MEXICO	墨西哥	墨西哥	MX
MXMX2	MX	MEXICO	墨西哥	墨西哥 	MX
MYMY3	MY	MALAYSIA	馬來西亞	马来西亚	MY
MYMY4	MY	MALAYSIA	馬來西亞	马来西亚 	MY
MYMY5	MY	MALAYSIA (PENINSULAR MALAYSIA)	馬來西亞 (半島馬來西亞)	马来西亚（半岛马来西亚）	MY
MYMB6	MY	MALAYSIA (SABAH)	馬來西亞 (沙巴)	马来西亚（沙巴）	MB
MYMC7	MY	MALAYSIA (SARAWAK)	馬來西亞 (沙撈越)	马来西亚（沙捞越）	MC
MZMZ8	MZ	MOZAMBIQUE	莫桑比克	莫桑比克	MZ
MZMZ9	MZ	MOZAMBIQUE	莫桑比克	莫桑比克 	MZ
NANA0	NA	NAMIBIA	納米比亞	纳米比亚	NA
NANA1	NA	NAMIBIA	納米比亞	纳米比亚 	NA
NCNC2	NC	NEW CALEDONIA	新喀里多尼亞	新喀里多尼亚	NC
NCNC3	NC	NEW CALEDONIA	新喀里多尼亞	新喀里多尼亚 	NC
NENE4	NE	NIGER	尼日爾	尼日尔	NE
NENE5	NE	NIGER	尼日爾	尼日尔 	NE
NENE6	NE	NIGER REPUBLIC	尼日爾	尼日尔 	NE
NFNF7	NF	NORFOLK ISLAND	諾福克島	诺福克岛 	NF
NFNF8	NF	NORFOLK ISLAND	諾褔克島	诺褔克岛	NF
NFNF9	NF	NORFOLK ISLANDS	諾福克島	诺福克岛 	NF
NGNG0	NG	NIGERIA	尼日利亞	尼日利亚	NG
NGNG1	NG	NIGERIA	尼日利亞	尼日利亚 	NG
NINI2	NI	NICARAGUA	尼加拉瓜	尼加拉瓜	NI
NINI3	NI	NICARAGUA	尼加拉瓜	尼加拉瓜 	NI
NLNL4	NL	NETHERLANDS	荷蘭	荷兰	NL
NLNL5	NL	NETHERLANDS	荷蘭	荷兰 	NL
NONO6	NO	NORWAY	挪威	挪威	NO
NONO7	NO	NORWAY	挪威	挪威 	NO
NPNP8	NP	NEPAL	尼泊爾	尼泊尔	NP
NPNP9	NP	NEPAL	尼泊爾	尼泊尔 	NP
NRNR0	NR	NAURU	瑙魯	瑙鲁	NR
NRNR1	NR	NAURU	瑙魯	瑙鲁 	NR
NRNR2	NR	NAURU ISLANDS	瑙魯群島	瑙鲁群岛 	NR
NZNZ3	NZ	NEW ZEALAND	新西蘭	新西兰	NZ
NZNZ4	NZ	NEW ZEALAND	新西蘭	新西兰 	NZ
OMOM5	OM	OMAN	阿曼	阿曼	OM
OMOM6	OM	OMAN	阿曼	阿曼 	OM
OMOM7	OM	OMAN,SULTANATE OF	阿曼	阿曼 	OM
PAPA8	PA	PANAMA (REP.)	巴拿馬(共和國)	巴拿马(共和国)	PA
PAPA9	PA	PANAMA (REPUBLIC OF)	巴拿馬	巴拿马 	PA
PEPE0	PE	PERU	秘魯	秘鲁	PE
PEPE1	PE	PERU	秘魯	秘鲁 	PE
PFPF2	PF	FRENCH POLYNESIA	法屬波利尼西亞	法属波利尼西亚	PF
PFPF3	PF	FRENCH POLYNESIA	法屬波利尼西亞	法属波利尼西亚 	PF
PGPG4	PG	PAPUA NEW GUINEA	巴布亞新幾內亞	巴布亚新几内亚	PG
PGPG5	PG	PAPUA NEW GUINEA	巴布亞新幾內亞	巴布亚新几内亚 	PG
PHPH6	PH	PHILIPPINES	菲律賓	菲律宾	PH
PHPH7	PH	PHILIPPINES	菲律賓	菲律宾 	PH
PKPK8	PK	PAKISTAN	巴基斯坦	巴基斯坦	PK
PKPK9	PK	PAKISTAN	巴基斯坦	巴基斯坦 	PK
PLPL0	PL	POLAND	波蘭	波兰	PL
PLPL1	PL	POLAND	波蘭	波兰 	PL
PMPM2	PM	ST. PIERRE AND MIQUELON	聖皮埃爾和密克隆群島	圣皮埃尔和密克隆群岛	PM
PNPN3	PN	PITCAIRN ISLANDS	皮特凱恩島	皮特凯恩岛	PN
PNPN4	PN	PITCAIRN ISLANDS	皮特凱恩島	皮特凯恩岛 	PN
PRPR5	PR	PUERTO RICO	波多黎各	波多黎各	PR
PRPR6	PR	PUERTO RICO	波多黎各	波多黎各 	PR
PTPT7	PT	PORTUGAL	葡萄牙	葡萄牙	PT
PTPT8	PT	PORTUGAL	葡萄牙	葡萄牙 	PT
PWPW9	PW	CAROLINE ISLANDS(PALAU)	加羅林群島(帕勞)	加罗林群岛（帕劳） 	PW
PYPY0	PY	PARAGUAY	巴拉圭	巴拉圭	PY
PYPY1	PY	PARAGUAY	巴拉圭	巴拉圭 	PY
QAQA2	QA	QATAR	卡塔爾	卡塔尔	QA
QAQA3	QA	QATAR	卡塔爾	卡塔尔 	QA
QAQA4	QA	QATAR (STATE OF)	卡塔爾	卡塔尔 	QA
RERE5	RE	RÉUNION	留尼汪島	留尼汪岛	RE
RERE6	RE	RÉUNION	留尼汪島	留尼汪岛 	RE
RORO7	RO	ROMANIA	羅馬尼亞	罗马尼亚	RO
RORO8	RO	ROMANIA	羅馬尼亞	罗马尼亚 	RO
RSRS9	RS	SERBIA	塞爾維亞	塞尔维亚	RS
RSRS0	RS	SERBIA	塞爾維亞 	塞尔维亚	RS
RSRS1	RS	SERBIA	塞爾維亞 	塞尔维亚 	RS
RSRS2	RS	SERBIA (REP. OF)	塞爾維亞共和國	塞尔维亚共和国 	RS
RURU3	RU	RUSSIA (RUSSIAN FEDERATION)	俄羅斯 (俄羅斯聯邦)	俄罗斯 (俄罗斯联邦)	RU
RURU4	RU	RUSSIAN FEDERATION (RUSSIA)	俄羅斯聯邦 (俄羅斯)	俄罗斯联邦 (俄罗斯)	RU
RWRW5	RW	RWANDA	盧旺達	卢旺达 	RW
RWRW6	RW	RWANDA (RÉP.)	盧旺達 (共和國)	卢旺达 (共和国)	RW
SASA7	SA	SAUDI ARABIA	沙地阿拉伯	沙地阿拉伯	SA
SASA8	SA	SAUDI ARABIA	沙地阿拉伯	沙地阿拉伯 	SA
SBSB9	SB	SOLOMON ISLANDS	所羅門群島	所罗门群岛	SB
SBSB0	SB	SOLOMON ISLANDS	所羅門群島	所罗门群岛 	SB
SCSC1	SC	SEYCHELLES	塞舌爾	塞舌尔	SC
SCSC2	SC	SEYCHELLES	塞舌爾	塞舌尔 	SC
SDSD3	SD	SUDAN	蘇丹	苏丹	SD
SDSD4	SD	SUDAN	蘇丹	苏丹 	SD
SESE5	SE	SWEDEN	瑞典	瑞典	SE
SESE6	SE	SWEDEN	瑞典	瑞典 	SE
SGSG7	SG	SINGAPORE	新加坡	新加坡	SG
SGSG8	SG	SINGAPORE	新加坡	新加坡 	SG
SHSH9	SH	ST. HELENA	聖赫勒拿島	圣赫勒拿岛	SH
SHSH0	SH	ST. HELENA	聖赫勒拿島	圣赫勒拿岛 	SH
SISI1	SI	SLOVENIA	斯洛文尼亞	斯洛文尼亚	SI
SISI2	SI	SLOVENIA	斯洛文尼亞	斯洛文尼亚 	SI
SISI3	SI	SLOVENIA (REPUBLIC OF)	斯洛文尼亞	斯洛文尼亚 	SI
SJSJ4	SJ	SPITSBERGEN	斯匹次卑爾根群島	斯匹次卑尔根群岛	SJ
SJSJ5	SJ	SPITSBERGEN	斯匹次卑爾根群島	斯匹次卑尔根群岛 	SJ
SKSK6	SK	SLOVAK REPUBLIC (SLOVAKIA)	斯洛伐克 (共和國)	斯洛伐克（共和国） 	SK
SKSK7	SK	SLOVAKIA	斯洛伐克	斯洛伐克	SK
SKSK8	SK	SLOVAKIA	斯洛伐克	斯洛伐克 	SK
SLSL9	SL	SIERRA LEONE	塞拉利昂	塞拉利昂	SL
SLSL0	SL	SIERRA LEONE	塞拉利昂	塞拉利昂 	SL
SMSM1	SM	SAN MARINO	聖馬力諾	圣马力诺	SM
SMSM2	SM	SAN MARINO	聖馬力諾	圣马力诺 	SM
SNSN3	SN	SENEGAL	塞內加爾	塞内加尔	SN
SNSN4	SN	SENEGAL	塞內加爾	塞内加尔 	SN
SOSO5	SO	SOMALIA	索馬里	索马里	SO
SOSO6	SO	SOMALIA	索馬里	索马里 	SO
SRSR7	SR	SURINAME	蘇里南	苏里南	SR
SRSR8	SR	SURINAME	蘇里南	苏里南 	SR
SRSR9	SR	SURINAME (REPUBLIC OF)	蘇里南	苏里南 	SR
STST0	ST	SAO TOME AND PRINCIPE	聖多美和普林西比	圣多美和普林西比	ST
STST1	ST	SAO TOME AND PRINCIPE	聖多美和普林西比	圣多美和普林西比 	ST
STST2	ST	SAO TOMÉ AND PRINCIPE (REPUBLIC OF)	聖多美及普林西比	圣多美及普林西比 	ST
SVSV3	SV	EL SALVADOR	薩爾瓦多	萨尔瓦多	SV
SVSV4	SV	EL SALVADOR	薩爾瓦多	萨尔瓦多 	SV
SYSY5	SY	SYRIAN ARAB REP.	阿拉伯敘利亞共和國(敘利亞)	阿拉伯叙利亚共和国(叙利亚)	SY
SYSY6	SY	SYRIAN ARAB REPUBLIC (SYRIA)	阿拉伯敘利亞共和國(敘利亞)	阿拉伯叙利亚共和国(叙利亚)	SY
SZSZ7	SZ	ESWATINI	斯威士蘭	斯威士兰	SZ
SZSZ8	SZ	ESWATINI	斯威士蘭	斯威士兰 	SZ
TCTC9	TC	TURKS AND CAICOS ISLANDS	特克斯和凱科斯群島	特克斯和凯科斯群岛	TC
TCTC0	TC	TURKS AND CAICOS ISLANDS	特克斯和凱科斯群島	特克斯和凯科斯群岛 	TC
TDTD1	TD	CHAD	乍得	乍得	TD
TDTD2	TD	CHAD	乍得	乍得 	TD
TGTG3	TG	TOGO	多哥	多哥	TG
TGTG4	TG	TOGO	多哥	多哥 	TG
THTH5	TH	THAILAND	泰國	泰国	TH
THTH6	TH	THAILAND	泰國	泰国 	TH
TJTJ7	TJ	TAJIKISTAN	塔吉克	塔吉克	TJ
TJTJ8	TJ	TAJIKISTAN (REPUBLIC OF)	塔吉克	塔吉克 	TJ
TJTJ9	TJ	TAJIKSTAN	塔吉克	塔吉克 	TJ
TMTM0	TM	TURKMENISTAN	土庫曼	土库曼	TM
TMTM1	TM	TURKMENISTAN	土庫曼	土库曼 	TM
TNTN2	TN	TUNISIA	突尼斯	突尼斯	TN
TNTN3	TN	TUNISIA	突尼斯	突尼斯 	TN
TOTO4	TO	TONGA	湯加	汤加	TO
TOTO5	TO	TONGA	湯加	汤加 	TO
TPTP6	TP	TIMOR-LESTE (DEM. REP.)	東帝汶(民主共和國)	东帝汶(民主共和国)	TP
TRTR7	TR	TURKEY	土耳其	土耳其	TR
TRTR8	TR	TURKEY	土耳其	土耳其 	TR
TTTT9	TT	TRINIDAD AND TOBAGO	千里達和多巴哥	千里达和多巴哥 	TT
TTTT0	TT	TRINIDAD AND TOBAGO	千里達和多巴哥	特立尼达和多巴哥	TT
TTTT1	TT	TRINIDAD AND TOBAGO (REPUBLIC OF)	千里達和多巴哥	千里达和多巴哥 	TT
TVTV2	TV	TUVALU	圖瓦盧	图瓦卢	TV
TVTV3	TV	TUVALU	圖瓦盧	图瓦卢 	TV
TWTW4	TW	TAIWAN	台灣	台湾 	TW
TZTZ5	TZ	TANZANIA (UNITED REP.)	坦桑尼亞(聯合共和國)	坦桑尼亚(联合共和国)	TZ
UAUA6	UA	UKRAINE	烏克蘭	乌克兰	UA
UAUA7	UA	UKRAINE	烏克蘭	乌克兰 	UA
UGUG8	UG	UGANDA	烏干達	乌干达	UG
UGUG9	UG	UGANDA	烏干達	乌干达 	UG
USPR0	US	PUERTO RICO	波多黎各	波多黎各	PR
USUS1	US	UNITED STATES OF AMERICA	美國	美国 	US
USUS2	US	UNITED STATES OF AMERICA	美國 	美国 	US
USUS3	US	USA	美國	美国	US
USUS4	US	USA (ALL OTHER STATES)	美國 (其他州)	美国 (其他州)	US
USUB5	US	USA (HAWAII)	美國 (夏威夷)	美国（夏威夷）	UB
USUA6	US	USA (NEW YORK)	美國 (紐約)	美国（纽约）	UA
UYUY7	UY	URUGUAY	烏拉圭	乌拉圭	UY
UYUY8	UY	URUGUAY	烏拉圭	乌拉圭 	UY
UZUZ9	UZ	UZBEKISTAN	烏茲別克	乌兹别克	UZ
UZUZ0	UZ	UZBEKISTAN	烏茲別克	乌兹别克 	UZ
UZUZ1	UZ	UZBEKISTAN (REPUBLIC OF)	烏茲別克	乌兹别克 	UZ
VAVA2	VA	VATICAN	梵蒂岡	梵蒂冈	VA
VAVA3	VA	VATICAN	梵蒂岡	梵蒂冈 	VA
VCVC4	VC	ST. VINCENT AND THE GRENADINES	聖文森特和格林納丁斯	圣文森特和格林纳丁斯	VC
VCVC5	VC	ST. VINCENT AND THE GRENADINES	聖文森特和格林納丁斯	圣文森特和格林纳丁斯 	VC
VCVC6	VC	ST.VINCENT	聖文森特	圣文森特 	VC
VEVE7	VE	VENEZUELA	委內瑞拉	委内瑞拉 	VE
VEVE8	VE	VENEZUELA (BOLIVARIAN REP.)	委內瑞拉(玻利瓦爾共和國)	委内瑞拉(玻利瓦尔共和国)	VE
VEVE9	VE	VENEZUELA (BOLIVARIAN REP.)	委內瑞拉(玻利瓦爾共和國) 	委内瑞拉(玻利瓦尔共和国)	VE
VGVG0	VG	TORTOLA (BRITISH VIRGIN ISLANDS)	托爾托拉島(英屬處女群島)	托尔托拉岛(英属处女群岛)	VG
VIVI1	VI	VIRGIN ISLANDS (U.S.A.)	美屬處女群島	美属处女群岛	VI
VIVI2	VI	VIRGIN ISLANDS OF THE U.S.A.	美屬處女群島	美属处女群岛	VI
VNVN3	VN	VIET NAM	越南	越南	VN
VNVN4	VN	VIET NAM	越南	越南 	VN
VNVN5	VN	VIETNAM	越南	越南	VN
VNVN6	VN	VIETNAM	越南	越南 	VN
VUVU7	VU	VANUATU	瓦努阿圖	瓦努阿图	VU
VUVU8	VU	VANUATU	瓦努阿圖	瓦努阿图 	VU
VUVU9	VU	VANUATU (THE REPUBLIC OF)	瓦努阿圖	瓦努阿图 	VU
WFWF0	WF	WALLIS AND FUTUNA ISLANDS	瓦利斯群島和富圖納群島	瓦利斯群岛和富图纳群岛	WF
WFWF1	WF	WALLIS AND FUTUNA ISLANDS	瓦利斯群島和富圖納群島	瓦利斯群岛和富图纳群岛 	WF
WSWS2	WS	WESTERN SAMOA	西薩摩亞	西萨摩亚	WS
WSWS3	WS	WESTERN SAMOA	西薩摩亞	西萨摩亚 	WS
XAXA4	XA	CANARY ISLANDS	加那利群島	加那利群岛	XA
XAXA5	XA	CANARY ISLANDS	加那利群島	加那利群岛 	XA
XBXB6	XB	TRISTAN DA CUNHA	特里斯坦 - 達庫尼亞島	特里斯坦 - 达库尼亚岛	XB
XBXB7	XB	TRISTAN DE CUNHA	特里斯坦-達庫尼亞島	特里斯坦 - 达库尼亚岛 	XB
XDXD8	XD	ASCENSION	阿森松	阿森松	XD
XDXD9	XD	ASCENSION	阿森松	阿森松 	XD
XEXE0	XE	GAZA AND KHAN YUNIS	加沙及汗尤尼斯	加沙及汗尤尼斯	XE
XEXE1	XE	GAZA AND KHAN YUNIS	加沙及汗尤尼斯	加沙及汗尤尼斯 	XE
XFXF2	XF	CORSICA	科西嘉島	科西嘉岛	XF
XFXF3	XF	CORSICA	科西嘉島	科西嘉岛 	XF
XGXG4	XG	SPANISH TERRITORIES OF NORTH AFRICA	北非西班牙屬土	北非西班牙属土	XG
XGXG5	XG	SPANISH TERRITORIES OF NORTH AFRICA	北非西班牙屬土	北非西班牙属土 	XG
XHXH6	XH	AZORES	亞速爾	亚速尔	XH
XHXH7	XH	AZORES	亞速爾	亚速尔 	XH
XIXI8	XI	MADEIRA	馬德拉	马德拉	XI
XIXI9	XI	MADEIRA	馬德拉	马德拉 	XI
XJXJ0	XJ	BALEARES ISLANDS	巴利阿里群島	巴利阿里群岛 	XJ
XJXJ1	XJ	BALEARIC ISLANDS	巴利阿里群島	巴利阿里群岛	XJ
XKXK2	XK	CAROLINE ISLANDS	加羅林群島	加罗林群岛	XK
XKXK3	XK	CAROLINE ISLANDS	加羅林群島	加罗林群岛 	XK
XLXL4	XL	NEW ZEALAND ISLANDS TERRITORIES	新西蘭屬土島嶼	新西兰属土岛屿	XL
XLXL5	XL	NEW ZEALAND ISLANDS TERRITORIES	新西蘭屬土島嶼	新西兰属土岛屿 	XL
XLXL6	XL	NEW ZEALAND ISLANDS TERRITORIES(COOK ISL	新西蘭屬土島嶼(庫克群島)	新西兰属土岛屿（库克群岛） 	XL
XMXM7	XM	WAKE ISLAND	威克島	威克岛	XM
XMXM8	XM	WAKE ISLAND	威克島	威克岛 	XM
XOXO9	XO	KOSOVO	科索沃	科索沃	XO
YEYA0	YE	YEMEN (OTHER PLACES)	也門 (其他地方)	也门（其他地方）	YA
YEYE1	YE	YEMEN (PLACES IN THE FORMER YEMEN ARAB REP.)	也門 (屬前阿拉伯也門共和國的地方)	也门（属前阿拉伯也门共和国的地方）	YE
YEYE2	YE	YEMEN(REPUBLIC OF)	也門	也门 	YE
ZAZA3	ZA	SOUTH AFRICA	南非	南非	ZA
ZAZA4	ZA	SOUTH AFRICA	南非	南非 	ZA
ZAZA5	ZA	SOUTH AFRICA (REPUBLIC OF)	南非	南非 	ZA
ZMZM6	ZM	ZAMBIA	贊比亞	赞比亚	ZM
ZMZM7	ZM	ZAMBIA	贊比亞	赞比亚 	ZM
ZWZW8	ZW	ZIMBABWE	津巴布韋	津巴布韦	ZW
ZWZW9	ZW	ZIMBABWE	津巴布韋	津巴布韦 	ZW
